host_id,host_name,host_since,is_superhost,response_rate,host_city,host_country,created_at
100000,Patrick Sanchez,2018-11-01,False,98,Lake Joyside,United States,2025-03-07
100001,Amanda Davis,2020-06-01,True,97,New Jamesside,United States,2022-10-31
100002,Kevin Pacheco,2016-07-27,False,76,Lake Roberto,United States,2024-03-30
100003,Tyler Rogers,2018-01-14,False,92,Davisstad,United States,2023-08-23
100004,Andrew Stevens,2018-08-01,True,97,Millerport,United States,2025-01-10
100005,Stacey Ward,2019-09-24,True,97,North Donnaport,United States,2025-12-27
100006,Sharon James,2024-03-04,False,91,Franciscostad,United States,2022-10-19
100007,Mia Sutton,2017-09-03,True,97,New Jessica,United States,2023-05-09
100008,Devin Schaefer,2025-12-07,False,75,Lake Mark,United States,2023-02-26
100009,Crystal Johnson,2021-10-29,True,94,Adamsborough,United States,2025-09-23
100010,Sherri Edwards,2024-12-14,False,95,Wilkersonmouth,United States,2026-05-06
100011,David Hoffman,2020-12-05,False,81,Hurstfurt,United States,2023-01-25
100012,Zachary Hicks,2018-01-02,True,100,Port Danielburgh,United States,2024-01-01
100013,Linda Cruz,2024-06-03,False,79,Tashatown,United States,2025-10-30
100014,Melanie Herrera,2020-12-30,True,92,Danielchester,United States,2025-05-09
100015,Troy Liu,2020-12-09,False,89,New Rita,United States,2023-02-18
100016,Sarah Romero,2019-11-04,False,72,West Kathryn,United States,2026-03-01
100017,Tammy Sellers,2021-12-22,False,76,Smithstad,United States,2024-10-02
100018,Dr. Cynthia Allen,2026-02-10,True,96,North Jessicaland,United States,2026-03-14
100019,Beth Keller,2025-10-24,True,98,West Allison,United States,2025-09-11
100020,Daniel Ryan,2019-11-18,False,87,Raymondstad,United States,2025-01-15
100021,Jocelyn Wright,2017-07-19,False,95,Andrewside,United States,2024-04-28
100022,Adrienne Zimmerman,2017-06-17,True,93,North Rebecca,United States,2023-06-10
100023,Jose Ramirez,2024-09-19,True,96,New David,United States,2026-02-12
100024,Laura Sanchez,2024-07-03,False,77,Leeville,United States,2026-06-10
100025,Jeff Owens,2017-05-19,True,90,North Richardmouth,United States,2025-04-06
100026,Danielle Lee,2024-02-03,True,97,South Isaiah,United States,2025-11-12
100027,Thomas Ramos,2025-10-27,False,99,North Deniseside,United States,2024-06-05
100028,Brandon Molina,2020-06-24,False,79,South Todd,United States,2026-01-06
100029,Stephanie Martin,2016-06-30,False,98,Bakermouth,United States,2023-05-16
100030,Tyler Cowan,2025-11-30,False,95,Mooreport,United States,2023-09-04
100031,Lauren Daniels,2021-10-17,False,79,North Breannahaven,United States,2023-05-22
100032,Brooke Yu,2017-10-27,False,83,North Brooke,United States,2026-05-16
100033,Jennifer David,2026-02-24,False,84,New Brooke,United States,2025-05-01
100034,Matthew Cunningham,2021-11-03,True,96,Jamesmouth,United States,2025-02-04
100035,Carlos Brewer,2024-03-28,False,99,Sarahland,United States,2023-06-23
100036,Zachary Ferrell,2017-09-15,True,91,New Joseph,United States,2022-07-02
100037,Benjamin Sanchez,2021-04-22,False,93,South Martha,United States,2026-06-06
100038,William Roman,2025-06-16,False,97,Lake Lisaport,United States,2025-06-14
100039,Teresa Taylor,2018-06-04,False,82,Lake Angelaview,United States,2026-06-04
100040,Michelle Harris,2020-12-13,True,90,Kington,United States,2023-08-29
100041,Sandra Williams,2022-02-18,True,98,Lake Tina,United States,2022-11-08
100042,Kristen Patterson,2016-08-16,False,81,North Sierraberg,United States,2023-02-24
100043,Jacob Tran,2023-10-09,True,100,North Kyle,United States,2024-10-12
100044,Valerie Williams,2022-07-19,True,97,Lake John,United States,2026-04-14
100045,Justin Baxter,2019-02-02,False,70,Port Francisco,United States,2022-11-24
100046,Sierra Johnson,2022-02-10,False,79,Phambury,United States,2025-11-11
100047,Michael Reyes,2017-02-12,False,78,Walkermouth,United States,2023-08-06
100048,Robert Perez,2016-11-11,False,78,South Mark,United States,2023-12-13
100049,Raymond Bell,2025-02-15,False,71,Frazierside,United States,2026-02-19
100050,Ashley Waller,2019-07-01,True,96,Benjaminchester,United States,2023-11-14
100051,Emily Obrien,2025-02-27,True,97,South Rachelborough,United States,2023-12-07
100052,Jeffrey Meyer,2025-08-14,False,81,West Ryan,United States,2023-07-18
100053,Lisa Alvarado,2018-07-31,False,96,Williamchester,United States,2025-04-14
100054,Edward Martinez,2023-08-12,False,72,Byrdburgh,United States,2023-11-06
100055,Jennifer Bass,2021-08-18,True,92,Jasonshire,United States,2025-01-29
100056,Julie Ramos,2020-02-04,False,95,Leonburgh,United States,2025-01-15
100057,Jose Schultz,2022-02-28,True,96,Port Stephaniebury,United States,2025-04-06
100058,Robert Hernandez,2017-03-31,True,99,South Cheryl,United States,2025-04-28
100059,Jason Soto,2019-10-08,True,92,Snyderbury,United States,2025-09-23
100060,Abigail Potter,2018-04-10,True,96,Robinsonhaven,United States,2023-02-02
100061,David Charles,2024-03-23,False,98,Port Steven,United States,2024-06-08
100062,Linda Dodson DVM,2025-01-17,False,99,Rivasside,United States,2024-09-20
100063,Natasha Wells,2020-11-13,True,96,Port Dana,United States,2024-05-10
100064,Kari Allen,2023-12-11,False,80,Lake Justinview,United States,2025-09-19
100065,Joshua Taylor,2020-05-24,True,96,Bensonborough,United States,2023-11-21
100066,Gary Owens,2017-07-08,True,95,Port Robert,United States,2022-09-25
100067,Theresa Smith,2026-04-03,False,79,Woodsstad,United States,2026-04-23
100068,Sarah Ashley,2023-08-03,False,94,South Jeffrey,United States,2023-09-24
100069,Mr. Michael Yates,2019-04-08,True,93,Calhounside,United States,2024-04-25
100070,Leslie Alvarado,2017-11-20,False,80,Taylormouth,United States,2022-07-29
100071,James Lewis,2022-01-07,True,96,Kathleenfurt,United States,2023-03-27
100072,Sandra King,2017-11-07,False,76,Smithside,United States,2023-08-24
100073,Mrs. Marie Harrington DDS,2016-12-26,False,70,East Mary,United States,2022-09-06
100074,Cameron Caldwell,2026-01-20,True,98,South Holly,United States,2025-02-07
100075,Larry Stuart,2018-05-29,False,78,West Daniel,United States,2025-09-21
100076,Laura Odonnell,2022-11-05,True,95,Davidborough,United States,2022-07-27
100077,Sandra Sanchez,2021-08-03,False,78,Port Tonyaton,United States,2022-10-14
100078,Mary Jones,2022-04-07,False,70,Port Robertfort,United States,2023-12-09
100079,Jack Snow,2024-04-12,True,97,South Gregory,United States,2022-11-28
100080,Debra Morton,2025-08-13,False,91,Marshallshire,United States,2024-09-05
100081,David Michael,2021-03-16,True,97,Sanchezmouth,United States,2023-08-08
100082,Jamie Johnson,2021-12-27,False,86,South Jason,United States,2024-11-19
100083,Douglas Carlson,2021-02-27,True,99,New Stacyland,United States,2025-11-08
100084,Katherine Chang,2024-07-23,False,99,Westtown,United States,2023-06-27
100085,Jared Sanchez,2026-05-09,False,72,Thomashaven,United States,2022-11-09
100086,Patrick Rivera,2024-03-06,True,90,Kristopherbury,United States,2023-12-04
100087,Emily Newton,2019-08-11,False,96,East Joanna,United States,2022-12-22
100088,Vanessa Warren,2021-04-10,False,71,Port Jamesbury,United States,2023-08-21
100089,Adrian Ferguson,2021-02-15,False,92,North Angelaberg,United States,2023-12-30
100090,Katherine Salas,2026-03-24,True,90,Taylormouth,United States,2025-03-04
100091,Anthony Everett,2024-08-02,False,99,Port Cameronfort,United States,2023-11-29
100092,Melissa Hernandez,2026-01-13,True,99,Christopherbury,United States,2022-10-11
100093,Jennifer Carlson,2020-04-19,False,92,Hayesmouth,United States,2022-12-19
100094,Wanda Torres,2017-06-26,False,80,Port Jaredborough,United States,2023-09-22
100095,Brooke Thompson,2017-09-26,False,86,North Ricky,United States,2023-08-03
100096,Doris Hall,2021-04-08,False,93,Jonesbury,United States,2025-05-23
100097,Rick Lawrence,2019-10-29,False,71,Wilsonbury,United States,2026-05-23
100098,Derek Thomas,2017-06-22,False,80,Port Kyle,United States,2025-03-20
100099,Tammy Gonzales,2024-06-07,False,85,Hollyview,United States,2025-08-24
100100,Jessica George,2023-10-23,False,97,Cassandratown,United States,2024-08-03
100101,Michael Valencia,2026-06-13,False,85,Port Emilyview,United States,2022-11-06
100102,Peter Ruiz,2023-12-25,True,93,Howardshire,United States,2024-11-29
100103,Katherine Davis,2022-05-19,True,93,Cookville,United States,2024-04-25
100104,Jason Simpson,2023-04-10,True,92,South Christopherview,United States,2026-02-09
100105,Raymond Hancock,2016-06-24,False,89,Gutierrezborough,United States,2023-11-02
100106,Peter Garrett,2017-05-03,False,89,West Andrea,United States,2024-08-31
100107,Stanley Washington,2016-12-13,False,77,Lake Eric,United States,2026-05-29
100108,Jason Walker,2018-05-23,False,87,Valentineberg,United States,2024-10-20
100109,Dorothy Thornton,2023-07-12,False,80,Bairdbury,United States,2024-07-31
100110,Janet Weeks,2025-02-08,True,98,Port Chad,United States,2024-05-27
100111,Jennifer Villa,2025-02-04,True,99,Loriport,United States,2025-09-30
100112,Kevin Duarte,2024-10-15,True,99,South Amanda,United States,2025-07-19
100113,Phillip Bennett,2021-12-07,False,89,Lake John,United States,2023-12-06
100114,Reginald Williams,2024-07-03,False,71,Hughesberg,United States,2024-02-02
100115,Beth Sanford,2022-02-08,False,99,Port Meganville,United States,2024-07-26
100116,Alexis Thomas,2019-02-01,False,74,South Kimberlyview,United States,2024-09-12
100117,Jennifer Miller,2022-01-18,False,92,Finleyfort,United States,2023-11-25
100118,Lisa Young,2021-05-07,True,92,Lake Christopher,United States,2026-03-04
100119,Michele Garcia,2019-04-16,False,85,Rebeccaton,United States,2022-11-17
100120,Elaine Brooks,2018-12-08,False,93,New Robert,United States,2023-11-03
100121,Carolyn Miller,2022-12-20,False,70,South Roberta,United States,2025-05-12
100122,Mark Stevens,2016-08-14,False,80,Santanaside,United States,2023-01-26
100123,Tony Huerta,2021-07-19,False,73,Vaughnmouth,United States,2023-02-18
100124,Zachary Castaneda,2018-04-10,False,89,South Ashley,United States,2026-01-21
100125,Michael Johnson,2023-03-12,False,85,Alanton,United States,2024-11-26
100126,Kathleen Strong,2021-04-30,True,92,New Laurie,United States,2026-05-02
100127,Lisa Byrd,2018-10-14,False,87,Lake Debbieport,United States,2023-05-24
100128,Kevin Oconnor,2017-12-29,True,91,Markchester,United States,2025-10-25
100129,Richard Walter,2022-09-07,False,72,Mariaview,United States,2023-03-17
100130,Karen Drake,2022-03-22,False,78,South Sydneyberg,United States,2026-05-07
100131,Shannon Ramsey,2023-03-22,True,93,Christopherfurt,United States,2025-09-01
100132,Caleb Richardson,2020-12-02,True,94,Carsonstad,United States,2022-07-09
100133,Kaitlyn Harvey,2026-01-04,True,97,Rosebury,United States,2022-12-03
100134,Rodney Blankenship,2021-08-07,False,76,Wilsonton,United States,2025-03-20
100135,Johnathan Davis,2025-08-09,False,70,South Shawn,United States,2022-08-14
100136,Melissa Fernandez,2026-06-14,False,96,South Diana,United States,2025-04-24
100137,Jason Lynn Jr.,2022-10-06,False,92,South Sean,United States,2026-01-03
100138,Ariana Jennings,2025-09-21,True,95,Bruceview,United States,2023-06-19
100139,Tiffany Holloway,2018-01-07,False,88,Lake Danielle,United States,2023-04-08
100140,Gavin Zhang,2026-01-24,False,96,North Maria,United States,2022-07-21
100141,Daniel Kane,2022-01-18,False,90,Port Rachel,United States,2024-10-25
100142,William Huerta,2025-08-25,False,97,Laurenville,United States,2022-06-22
100143,Bonnie Howard,2020-07-04,False,70,Alfredview,United States,2025-04-09
100144,Jason Wilson,2017-07-16,True,92,Weststad,United States,2022-09-07
100145,Jodi Walker,2017-03-13,False,86,Stephentown,United States,2024-08-23
100146,Dr. Jessica Rodriguez DDS,2024-01-03,True,94,North Marcberg,United States,2022-09-20
100147,Marcus Richards,2021-12-28,False,97,Vanghaven,United States,2022-09-28
100148,Larry Garcia,2018-05-28,True,97,South Shannon,United States,2023-09-19
100149,Ronald Ross,2018-01-28,True,94,Ronaldview,United States,2023-06-07
100150,Melissa Wells,2018-01-04,False,97,North Ryanstad,United States,2024-01-20
100151,Anthony Frye,2026-01-06,False,98,Elizabethchester,United States,2025-11-30
100152,Teresa Henderson,2017-05-02,False,92,Carolinestad,United States,2023-12-19
100153,Christy Douglas,2020-04-10,True,92,West Meganstad,United States,2022-11-25
100154,Laura Aguirre,2026-01-01,True,98,New Sarahview,United States,2022-12-13
100155,Michael Parker,2022-03-29,False,91,Adamberg,United States,2022-08-01
100156,Andrea Figueroa,2016-12-24,False,77,Lake Alyssafurt,United States,2024-11-13
100157,Christopher Collins,2021-12-23,True,91,North Ericton,United States,2024-03-31
100158,Jeremy Coleman,2023-12-24,False,91,Nelsonhaven,United States,2025-04-29
100159,Brian Gregory,2024-09-26,False,96,Brandonfurt,United States,2022-12-11
100160,Dan Dougherty,2018-10-17,True,99,Keithville,United States,2025-01-04
100161,Jeffrey Anderson MD,2020-05-16,False,70,Charleston,United States,2022-06-30
100162,Thomas Atkins,2026-04-03,True,95,Berrychester,United States,2024-04-25
100163,Alex Nguyen,2024-04-14,False,98,Christopherville,United States,2023-09-10
100164,James Miller,2021-09-26,True,99,Jeffreyburgh,United States,2023-06-30
100165,Ashley Hicks,2022-05-27,False,94,Jessicaberg,United States,2022-10-14
100166,David Thompson,2019-01-22,False,97,East Stephaniefort,United States,2023-06-20
100167,Olivia Cole,2026-01-23,False,94,Michellemouth,United States,2024-06-07
100168,John Welch,2021-02-17,False,89,West Williamport,United States,2023-02-07
100169,Anthony Decker,2017-10-06,False,83,New Brookefurt,United States,2024-06-04
100170,Tiffany Stevenson,2017-02-26,False,81,Stoutshire,United States,2024-06-05
100171,Larry Mason,2017-07-06,False,84,Garciamouth,United States,2025-03-26
100172,Matthew Williams,2023-11-28,False,71,Warrenburgh,United States,2025-07-01
100173,Douglas Ortiz,2022-03-20,False,91,Port Crystalmouth,United States,2024-01-04
100174,Justin Hughes,2020-09-29,True,99,West Christopher,United States,2022-09-28
100175,Gregory Ponce,2023-02-16,False,98,New Jeanne,United States,2025-04-13
100176,James Conner,2018-08-20,False,95,Lake Ellenhaven,United States,2022-10-27
100177,Eric Bean,2022-04-10,True,93,Leeberg,United States,2024-01-01
100178,Ryan Garcia,2025-08-23,True,95,Lake Matthewberg,United States,2023-02-13
100179,Christopher Guerra,2019-04-11,False,74,Williamsstad,United States,2024-12-31
100180,Tracy Bishop,2024-02-05,False,90,New John,United States,2025-05-03
100181,Stephanie Lee,2026-03-01,True,94,Murrayport,United States,2025-11-25
100182,Joseph Burch,2019-11-09,False,75,Port John,United States,2025-10-08
100183,Mr. Timothy Dawson,2025-03-27,True,93,West Christopherburgh,United States,2025-03-10
100184,Jose Guerra,2018-01-07,False,72,Port Shannon,United States,2023-08-15
100185,Jennifer Sanders,2022-10-27,False,89,South Virginia,United States,2023-12-13
100186,Fernando Garcia,2022-03-01,True,91,East Benjamin,United States,2024-01-21
100187,Melissa Taylor,2024-06-09,False,99,Gilbertland,United States,2026-05-13
100188,Ruben Dunn,2025-06-09,True,97,Rodriguezport,United States,2022-07-17
100189,Anthony Barnes,2024-03-27,True,99,North Maryfort,United States,2023-06-22
100190,Lynn Andrews,2018-11-26,True,94,Rubenstad,United States,2024-12-31
100191,Chelsea Barnett,2025-05-13,True,96,Carloshaven,United States,2023-06-26
100192,Virginia Spencer,2023-02-07,False,81,Williamsfurt,United States,2024-10-10
100193,Alan Kramer,2022-04-29,False,95,Lake Diane,United States,2024-01-18
100194,Nancy Cook,2017-03-19,False,84,Amyburgh,United States,2022-11-26
100195,Julie Dominguez,2019-07-24,True,95,North Jennifer,United States,2025-12-28
100196,Dakota Moody,2017-03-04,False,77,Sarahhaven,United States,2024-05-28
100197,Kimberly King PhD,2019-09-17,False,70,Michaelton,United States,2024-02-26
100198,Denise Lloyd,2023-11-23,False,76,Paulfurt,United States,2026-02-21
100199,Kathleen Jimenez,2025-04-17,False,74,Lauriechester,United States,2023-11-26
100200,Zachary White,2021-06-16,False,92,Curtismouth,United States,2022-10-18
100201,Jeremy Robbins,2019-04-18,True,99,Bellton,United States,2025-04-09
100202,Heather Bolton,2021-02-17,False,74,North Emilyfurt,United States,2025-07-21
100203,Nicole Moore,2016-12-27,True,94,Port Cathy,United States,2024-01-03
100204,Cameron Young,2022-09-10,True,93,Patrickshire,United States,2025-10-13
100205,Meghan Rush,2022-10-15,True,99,Hinesshire,United States,2022-08-07
100206,Jennifer Banks,2020-09-15,False,90,North Jillfort,United States,2023-01-17
100207,Justin Green,2020-11-20,False,70,Lewisport,United States,2024-08-30
100208,Katherine Martinez,2017-09-20,False,74,Thompsonmouth,United States,2025-05-31
100209,Tracy Downs,2022-05-15,False,79,New Amberport,United States,2022-11-01
100210,Michael Graves,2019-06-03,False,73,Williamville,United States,2026-01-30
100211,Cynthia Snyder,2022-08-07,True,99,Tannerside,United States,2023-04-26
100212,Angelica Parker,2024-08-08,False,95,Hammondshire,United States,2023-01-05
100213,Evan Jones,2024-05-20,False,93,Davidside,United States,2022-10-10
100214,Patricia Anderson,2025-01-05,False,73,Port Davidberg,United States,2025-03-07
100215,Frank Fletcher,2022-05-07,False,85,Meghanview,United States,2023-10-03
100216,Krista Martinez,2021-08-11,False,86,New Danielleshire,United States,2023-04-18
100217,Matthew Le,2022-03-15,False,96,Port Michelleland,United States,2024-12-06
100218,Patricia Baker,2020-01-17,False,81,Montgomerytown,United States,2022-08-27
100219,Kimberly May,2021-08-07,False,97,Sanchezfurt,United States,2024-07-30
100220,Michael Moore,2023-07-13,True,92,Marshallmouth,United States,2023-09-23
100221,Scott Flores,2022-05-03,False,81,Andersonstad,United States,2025-01-15
100222,Emma Owens,2021-01-04,False,70,Wrightville,United States,2024-08-25
100223,James Gilbert,2020-09-06,False,80,Port Mark,United States,2022-09-04
100224,Cheryl Moore,2025-03-20,True,91,Jimenezport,United States,2024-12-01
100225,Tony Wagner,2020-07-21,True,91,New Michael,United States,2024-07-29
100226,Kyle Cameron,2024-06-19,False,86,Amandaville,United States,2022-09-04
100227,Dennis Diaz,2023-04-27,False,98,Brandonton,United States,2024-04-17
100228,Heidi Roberts,2023-01-12,False,95,Duranview,United States,2024-11-19
100229,Melanie Wilson DVM,2023-02-28,True,92,Lauramouth,United States,2025-12-21
100230,Nicole Gonzalez,2025-02-13,True,93,Porterton,United States,2024-10-31
100231,Gary Wells,2024-03-26,False,87,New Patricia,United States,2022-08-17
100232,Louis Martin,2021-07-20,False,98,Williamhaven,United States,2023-01-21
100233,Justin Wells Jr.,2022-02-04,True,98,South Brandytown,United States,2024-09-21
100234,Walter Patton,2026-04-20,False,94,Lake Brett,United States,2024-12-31
100235,Mark Harvey,2022-12-05,False,74,Port Erin,United States,2024-07-03
100236,Melody Lee,2023-12-18,False,72,Robertchester,United States,2022-08-06
100237,Jonathan Carr,2024-06-25,False,85,Lake Devinborough,United States,2025-05-25
100238,Matthew Fox,2021-10-18,True,90,South Rhonda,United States,2024-11-05
100239,Megan Dillon,2020-12-15,False,93,Leebury,United States,2023-12-01
100240,Courtney Dudley,2021-07-10,False,74,Janetfort,United States,2023-08-25
100241,Justin Michael,2021-02-10,True,96,Davidside,United States,2023-10-23
100242,Jennifer Reed,2018-12-14,False,94,Bobbyland,United States,2024-01-28
100243,Mary Burgess,2020-02-06,True,90,Port Amanda,United States,2023-12-08
100244,Denise Rodriguez,2026-06-11,False,89,East Brent,United States,2026-06-06
100245,Margaret Williams,2023-06-29,False,91,Jenniferville,United States,2026-04-24
100246,Abigail Pierce,2019-02-23,True,92,Delgadofort,United States,2025-05-11
100247,Nicole Mitchell,2021-04-25,False,81,Port Christophershire,United States,2024-06-28
100248,Miranda Zuniga,2019-06-09,False,88,Khanburgh,United States,2023-06-13
100249,Yolanda Sanders,2024-11-20,True,96,Lake Suzanne,United States,2026-06-07
100250,Andrew Evans,2018-04-14,False,89,Justinside,United States,2026-05-26
100251,Todd Rosales MD,2019-09-28,False,84,West Franciscomouth,United States,2024-09-09
100252,Cody Doyle,2021-06-24,True,94,East Cheryl,United States,2025-03-21
100253,Samantha Robertson,2017-12-07,True,98,Caldwellburgh,United States,2025-03-06
100254,Timothy Smith,2022-12-26,False,90,South Karen,United States,2023-01-22
100255,Nathan Smith,2022-07-30,False,92,North Elizabeth,United States,2023-11-12
100256,Jared Shaw,2021-10-01,False,76,Lake Sabrinaport,United States,2024-06-09
100257,Colleen Anderson,2019-01-24,True,99,Adkinsstad,United States,2024-01-09
100258,Susan Todd,2020-03-05,False,83,Lake Karen,United States,2024-03-24
100259,Kelly Rice,2022-08-13,False,74,New Danielside,United States,2026-03-05
100260,Laura Hernandez,2022-01-15,False,98,Wilsonborough,United States,2026-04-20
100261,Ann Dixon,2017-05-28,False,87,Andersonchester,United States,2025-07-05
100262,Kristin Chambers,2021-09-13,False,78,South Jonathantown,United States,2024-05-27
100263,Benjamin Henderson,2017-07-18,False,81,North Valeriefort,United States,2025-08-19
100264,Christopher Taylor,2023-08-12,False,75,Victoriafurt,United States,2022-08-06
100265,Susan Bennett,2025-08-20,True,97,Lake Michelle,United States,2024-05-14
100266,Joshua Rice,2020-03-31,True,91,Port Andrewport,United States,2022-12-19
100267,Kimberly Patel,2020-05-14,False,71,South Michael,United States,2024-06-06
100268,Shaun Cannon,2017-01-03,True,94,Mendeztown,United States,2023-08-20
100269,Brian Johnson,2017-04-15,True,97,Lake Bradley,United States,2023-06-26
100270,Daniel Shields,2017-06-02,False,70,New Victoria,United States,2024-04-29
100271,Monique Flores,2021-11-30,False,86,West Nancy,United States,2023-06-16
100272,Jennifer Hill,2025-12-06,False,94,Lake Erika,United States,2025-04-08
100273,William David DDS,2025-05-19,False,73,Heatherchester,United States,2024-10-28
100274,Clinton Medina,2020-07-23,False,88,West Meredith,United States,2023-02-04
100275,Suzanne Hart,2023-07-19,False,91,South John,United States,2023-01-28
100276,Bob Cole,2022-10-09,False,79,New Jennyborough,United States,2023-04-29
100277,Michael Morrison,2017-09-12,False,76,Port Kathleen,United States,2022-09-06
100278,Claire Clark,2022-02-14,False,82,Susantown,United States,2025-07-17
100279,Tonya Wilson,2024-08-09,True,99,Lake Cassandra,United States,2023-05-13
100280,David Morris,2021-04-10,False,77,Owensstad,United States,2023-05-01
100281,Jose Crawford,2018-02-19,True,98,Gillmouth,United States,2023-10-10
100282,Erik Williams,2020-03-22,False,72,North Jose,United States,2026-05-08
100283,Michelle Phillips,2019-10-19,False,99,Jerryshire,United States,2026-06-09
100284,Juan Harding,2022-03-15,False,97,Kathrynfort,United States,2026-01-02
100285,Katherine Jackson,2022-06-14,True,97,East Jennifer,United States,2025-07-16
100286,Steve Mooney,2017-06-16,False,90,Port Melanieton,United States,2024-07-15
100287,Chad Mccoy,2017-08-13,False,81,North Jeffery,United States,2025-09-17
100288,Luke Estrada,2024-09-05,False,82,Smithside,United States,2024-05-26
100289,Alan Bowen,2025-07-28,True,94,Andrechester,United States,2024-10-21
100290,Cassie Hull,2025-05-19,True,94,East James,United States,2025-11-21
100291,Hector Norton,2017-10-21,False,74,Susanmouth,United States,2024-09-12
100292,Michael Evans,2017-10-30,True,92,North Richardfurt,United States,2024-11-11
100293,Mark Warner,2017-11-12,False,87,Brucemouth,United States,2024-10-23
100294,Valerie Jacobson,2017-03-08,True,90,East Rachel,United States,2024-11-13
100295,Karen Williams,2017-09-21,False,70,Rachelshire,United States,2025-05-28
100296,Timothy Edwards,2019-12-26,False,91,Port Lori,United States,2025-04-05
100297,Billy Martin,2020-07-20,False,92,Rhodesside,United States,2025-12-14
100298,Patrick Gibbs,2017-10-17,True,99,Brianchester,United States,2023-11-15
100299,Gina Mack,2023-03-18,False,77,Anthonyview,United States,2023-06-13
100300,Katherine Kelly DVM,2023-10-22,False,93,Lake Brenda,United States,2025-10-17
100301,Luke Yates,2017-09-16,False,77,West Ericberg,United States,2024-01-29
100302,Isaac Davis,2021-09-14,True,93,Wardview,United States,2025-08-10
100303,Cody Cole,2025-11-24,False,95,Garcialand,United States,2022-11-23
100304,Linda Mueller,2023-01-05,True,94,West Robertland,United States,2023-12-19
100305,Susan Spence,2026-03-11,False,96,Lake Oscar,United States,2025-07-18
100306,Derrick Thomas,2019-04-21,False,86,Hillport,United States,2023-01-19
100307,Heather Raymond,2024-11-22,True,94,South Daniel,United States,2024-07-09
100308,James Skinner,2022-12-03,False,97,Scottchester,United States,2023-10-04
100309,Marilyn Wheeler,2021-07-27,True,92,Carrieborough,United States,2025-12-05
100310,Vincent Novak,2021-06-01,False,87,Faulknerbury,United States,2024-07-01
100311,Robert Long,2018-05-25,False,74,New Wendy,United States,2023-11-06
100312,Krista Benton,2024-04-24,False,71,South Lauren,United States,2023-03-24
100313,Sabrina Flynn,2023-06-03,True,91,Taylorport,United States,2025-12-30
100314,Christian Henderson,2022-11-15,False,74,South Vickifort,United States,2023-06-28
100315,Jonathon Knapp,2023-07-30,True,90,Port Tanyaside,United States,2024-12-08
100316,Angela Mack,2022-07-01,False,87,Lake Cheyenne,United States,2024-12-26
100317,Miss Jennifer Goodwin,2023-10-13,False,86,North Coreybury,United States,2024-11-08
100318,Kristin Watts,2020-03-21,False,95,Brooksmouth,United States,2024-08-19
100319,Melissa Hernandez,2016-11-16,False,91,Garciachester,United States,2025-09-29
100320,Audrey Shepard,2018-11-14,False,86,Larrymouth,United States,2026-05-18
100321,John Alvarez,2023-11-30,False,71,Floresport,United States,2025-10-18
100322,Ashley Sweeney,2018-04-27,True,90,Lake John,United States,2022-08-26
100323,Erin Simmons,2024-04-27,True,96,Port Richard,United States,2023-03-16
100324,Matthew Foster,2019-10-26,False,86,Vargasfurt,United States,2023-03-31
100325,Christine Goodwin,2017-07-10,False,74,Port Monicaburgh,United States,2022-06-24
100326,Jim Baker,2024-10-14,False,90,Candicefurt,United States,2024-01-07
100327,Harold Ellis,2019-05-25,False,90,Samanthashire,United States,2024-12-15
100328,Emily Allen,2018-06-13,False,79,West Heather,United States,2022-10-27
100329,Kyle Andrews,2023-08-28,False,90,South Cynthia,United States,2024-08-19
100330,Tara Thompson,2019-04-19,False,83,Robertsburgh,United States,2025-05-30
100331,Lisa Glenn,2016-08-15,True,93,Taylorfurt,United States,2023-10-19
100332,Kathleen Cohen,2023-07-13,True,90,Burnsland,United States,2024-11-06
100333,Philip Carter,2021-02-18,False,71,New Keith,United States,2024-11-12
100334,Patrick Cannon,2025-10-23,False,77,New Dannyside,United States,2025-10-12
100335,Kimberly Sherman PhD,2023-12-20,True,99,South Curtis,United States,2025-12-17
100336,Danielle Golden,2017-01-03,False,91,Bakerland,United States,2025-12-28
100337,Autumn Cain,2020-01-12,False,87,Michellechester,United States,2024-04-30
100338,Rachel Li,2017-06-20,False,91,Amandaside,United States,2023-03-02
100339,Michael Roberts,2021-01-03,False,99,East Sydneychester,United States,2023-03-06
100340,Donald Rios,2018-09-19,False,94,East Jennifer,United States,2026-05-15
100341,Ryan Long,2018-11-17,False,84,Courtneyfurt,United States,2025-12-26
100342,Robert Mack,2023-04-25,False,74,Heatherstad,United States,2024-05-20
100343,Erin Smith,2018-01-16,False,71,Reidstad,United States,2024-05-24
100344,Joseph Robinson,2023-10-08,False,76,South Joseph,United States,2026-01-28
100345,Joshua Anderson,2024-09-18,True,91,Patriciaton,United States,2025-12-25
100346,Richard Stevens,2018-07-28,False,71,South Stephen,United States,2022-08-28
100347,Michael Anderson,2021-08-05,False,84,Port Sarah,United States,2024-04-12
100348,Isaac Miller,2019-04-11,False,71,South Conniebury,United States,2023-08-17
100349,Michele Smith,2024-07-27,True,95,East Brittneyhaven,United States,2024-04-14
100350,Adam Cooper,2018-07-06,False,84,Bensonfort,United States,2025-05-09
100351,Brandon Shaffer,2018-03-20,False,92,Michaelport,United States,2022-10-06
100352,Robert Baxter,2018-11-21,False,86,New Annaburgh,United States,2023-01-17
100353,Daniel Goodman,2023-06-19,False,73,Heathland,United States,2024-05-01
100354,Paul Lawrence,2022-12-29,False,86,Sylviamouth,United States,2026-04-10
100355,Donald Miller,2025-11-15,False,97,Kimberlytown,United States,2025-10-28
100356,Sheri Harris,2025-02-16,True,94,Lake Peter,United States,2026-01-25
100357,Steven Blevins,2024-11-17,False,90,Rodriguezfort,United States,2025-03-17
100358,Kelsey Levine,2022-08-08,True,100,Davidshire,United States,2025-03-05
100359,Michael Farmer,2017-09-13,False,80,New Carlosview,United States,2024-04-01
100360,Antonio Mccormick,2025-01-28,True,98,Courtneyhaven,United States,2023-05-19
100361,Michael Miller,2025-08-03,False,85,West Christopher,United States,2025-09-21
100362,Christina Morton,2025-08-02,True,95,Peterland,United States,2022-10-18
100363,Monica Mathis,2017-06-11,False,73,North Sandy,United States,2023-10-12
100364,Lee Parker,2019-06-13,True,97,North Jeantown,United States,2022-12-15
100365,Gregory Holmes PhD,2020-11-13,False,72,West David,United States,2023-02-27
100366,Morgan Wilson,2016-12-16,False,87,Lindsayview,United States,2025-10-13
100367,Michael Ray,2017-10-08,False,88,Gibsonstad,United States,2024-09-08
100368,Mr. Jacob Scott Jr.,2026-03-23,True,94,East Joycetown,United States,2022-09-12
100369,Alexandria Williams,2022-08-26,True,99,Moraburgh,United States,2022-08-25
100370,Amanda Pratt,2023-08-05,True,94,West John,United States,2026-06-03
100371,Denise Miller,2022-10-20,False,74,New Emilyton,United States,2026-05-10
100372,Jose Williams,2023-04-13,False,95,South Michelleport,United States,2023-03-23
100373,Jesus Wood,2021-06-02,False,86,Jodibury,United States,2023-11-08
100374,Wesley Cuevas,2019-10-14,False,82,East Adam,United States,2024-06-07
100375,Joshua Fields,2016-08-15,True,99,Aaronfurt,United States,2024-03-15
100376,Elizabeth Harris,2020-07-05,False,94,Vasquezton,United States,2026-01-26
100377,Anna Morse,2025-04-20,False,93,Haynesstad,United States,2023-01-25
100378,Angela Davis,2018-09-24,False,85,Jonesshire,United States,2024-05-30
100379,Victor Young,2020-11-24,True,99,Sarafurt,United States,2022-09-22
100380,Erika Chavez,2020-06-07,False,77,East Derekshire,United States,2025-06-10
100381,Christopher Owens,2023-05-17,False,98,New Michaelborough,United States,2022-12-04
100382,Derek Wilson,2019-02-21,False,84,Margaretton,United States,2024-05-20
100383,Erin Davis,2020-09-06,False,91,Randyton,United States,2023-05-18
100384,Robert Thompson,2023-05-04,True,96,Hawkinsside,United States,2025-05-04
100385,Brian Leon,2018-07-11,False,71,North Mariabury,United States,2023-07-11
100386,James Parks,2017-11-21,False,83,Samanthaland,United States,2023-01-07
100387,Christina Brewer PhD,2018-01-09,True,92,Davidmouth,United States,2022-07-21
100388,Kenneth Underwood,2023-03-07,False,84,Johnsonchester,United States,2022-09-04
100389,Terry Hill,2024-01-18,False,80,North Christina,United States,2023-03-13
100390,Edward Jenkins,2025-10-29,False,82,Brownview,United States,2025-01-31
100391,Curtis Wilkerson,2025-05-28,False,75,Lake Virginia,United States,2024-02-02
100392,Virginia Casey,2022-07-27,False,84,Stephensfort,United States,2024-10-09
100393,Kathryn Price,2019-07-09,True,96,West Carlatown,United States,2023-12-04
100394,Diana Stokes,2024-06-25,False,79,Katiebury,United States,2026-04-09
100395,Matthew Adams,2017-05-30,False,86,New Meghan,United States,2023-02-20
100396,Timothy Frey,2019-06-01,True,99,East Brittany,United States,2025-11-07
100397,Heather Vargas,2022-06-11,False,94,New Stacy,United States,2025-11-21
100398,Sierra Vasquez MD,2024-10-20,False,89,North Brianbury,United States,2026-01-07
100399,April Hardin,2019-11-20,False,79,West Jennifer,United States,2022-07-18
100400,Sheena Brown,2018-12-21,False,82,Port Daniel,United States,2026-05-15
100401,Toni Brooks,2023-03-11,False,73,West Kevinberg,United States,2024-09-12
100402,Jessica Fowler,2024-09-30,False,71,Grantside,United States,2023-02-17
100403,Lisa Kelly,2019-06-11,False,77,Parkerport,United States,2025-05-30
100404,Aaron Miles,2026-03-16,False,88,Rosalesshire,United States,2023-01-01
100405,Evan Lamb,2020-03-20,False,74,South Donaldland,United States,2022-08-07
100406,Francisco Fields,2017-12-20,False,95,Seanview,United States,2023-06-22
100407,Barry Scott,2018-04-19,False,96,North Paulchester,United States,2023-05-09
100408,Katherine Gray,2025-09-30,False,82,Garciafort,United States,2023-03-03
100409,Marilyn Mcdaniel,2019-03-24,True,98,Joneston,United States,2025-10-25
100410,Dean Garcia,2022-04-10,True,95,South Eugene,United States,2023-09-19
100411,Stephanie Davis,2024-09-02,True,95,South Sherriburgh,United States,2022-10-12
100412,Brooke Garcia,2019-12-16,True,93,South Heidi,United States,2025-01-16
100413,Kimberly Guerrero,2021-07-08,False,99,North Brandon,United States,2025-07-13
100414,Katherine Brown,2016-07-10,True,97,Millerfort,United States,2024-11-22
100415,Daniel Little,2017-11-08,False,92,Anthonyport,United States,2023-04-24
100416,John Guerrero,2018-01-04,True,97,Lopezfurt,United States,2025-10-19
100417,Andrew Gonzales,2020-12-09,False,93,Port Joseph,United States,2024-01-12
100418,Michael Davis,2022-04-23,True,91,Arellanoshire,United States,2022-09-21
100419,Sara Cardenas,2023-08-01,False,80,Armstrongbury,United States,2023-06-06
100420,James Nash,2017-01-18,False,75,North Stacy,United States,2024-06-26
100421,William Stanton,2019-09-27,False,99,North Rodney,United States,2024-05-15
100422,Zachary Burton,2020-11-05,True,92,Reneeland,United States,2025-05-14
100423,James Nguyen,2021-02-27,False,71,Starktown,United States,2022-10-31
100424,Laurie Harrington,2018-05-17,False,77,Hernandezshire,United States,2025-10-21
100425,Traci Garcia,2018-04-04,False,82,Port Justinside,United States,2024-12-17
100426,Jason Reyes,2024-09-20,False,75,Johnsonview,United States,2026-03-16
100427,Lee Steele,2017-02-12,False,73,Prestonmouth,United States,2024-03-04
100428,Patrick Mccall,2022-10-18,False,70,West Lisaport,United States,2025-05-25
100429,John Horton,2018-02-17,False,81,East Kevin,United States,2023-10-14
100430,Roger Adams,2023-07-20,True,99,East Scottchester,United States,2025-08-16
100431,Mr. James Brown,2019-03-01,False,75,West Jennafurt,United States,2025-08-12
100432,Kelly Carroll,2019-06-01,False,80,Port James,United States,2023-01-14
100433,Jesus Hull,2019-11-06,False,82,Michealmouth,United States,2022-09-15
100434,Thomas Maldonado,2020-07-29,False,70,Tracymouth,United States,2024-08-10
100435,Karen Arnold,2022-04-26,False,93,Port Patricia,United States,2023-03-20
100436,Ann Johnson,2017-04-21,True,96,Port Ashley,United States,2025-08-24
100437,Maria Byrd,2021-01-14,False,71,Palmertown,United States,2023-05-16
100438,Maria Burke,2016-08-08,True,91,West Charlene,United States,2024-06-23
100439,Michelle Hill,2022-11-12,True,94,Stephenborough,United States,2023-10-05
100440,Joseph Hanson,2026-05-27,True,98,North Williamstad,United States,2024-06-11
100441,Lisa Evans,2018-04-19,False,93,Brownview,United States,2024-11-06
100442,Donald Douglas,2021-07-17,False,72,East Zachary,United States,2025-03-09
100443,Renee Lang,2023-05-02,True,90,Erintown,United States,2023-06-26
100444,Edward Meadows MD,2017-01-22,False,97,West Jessica,United States,2025-04-01
100445,Margaret Alvarez,2022-07-23,False,83,Meganside,United States,2023-05-29
100446,John Figueroa,2025-12-20,False,80,Lake Rachel,United States,2023-03-26
100447,Henry Garner,2021-09-07,False,81,Frenchmouth,United States,2025-03-30
100448,Edward York,2024-06-18,False,70,Port Cynthiashire,United States,2024-01-16
100449,Steve Mason,2022-12-14,False,91,Robertberg,United States,2025-02-06
100450,Grace Benitez DVM,2024-03-30,True,97,West Michelle,United States,2023-01-17
100451,Katherine Welch,2019-06-20,False,74,Cynthiatown,United States,2023-03-25
100452,Philip Jackson,2019-02-26,True,92,Gloverland,United States,2024-05-20
100453,Madeline Powell,2024-07-31,True,94,Smithside,United States,2023-01-05
100454,Tiffany Mcclain,2025-06-29,True,99,North Erica,United States,2023-04-23
100455,Courtney Wiley,2021-10-08,False,94,North Patrick,United States,2025-02-15
100456,Austin Williams,2021-05-29,False,94,Lunahaven,United States,2024-12-18
100457,Michael Anderson,2024-10-18,False,77,Karenburgh,United States,2023-11-24
100458,Jennifer Perez,2018-09-10,False,83,Lake Andrew,United States,2026-04-26
100459,Jacob Santos,2017-02-04,False,98,Mcdowellview,United States,2024-08-09
100460,Amber Vang,2018-04-19,True,96,North Hannahchester,United States,2025-09-28
100461,Joshua Wells,2019-01-24,False,70,Lake Gina,United States,2024-05-08
100462,Matthew Bates,2021-01-19,True,90,South Maria,United States,2022-07-02
100463,Lisa Campbell,2018-04-08,False,71,Gonzalezborough,United States,2022-11-27
100464,Joseph Harris,2023-06-07,False,77,Ethanside,United States,2025-10-08
100465,Melissa Castillo,2020-06-13,True,96,North Emilyville,United States,2024-07-28
100466,Kathleen Herring,2025-03-01,True,95,Lake Jenniferview,United States,2026-01-05
100467,William Phillips,2024-05-10,True,92,North Lisaton,United States,2025-03-14
100468,Robert Edwards,2018-06-07,True,93,Port Katherineton,United States,2026-01-31
100469,Mary Jackson,2022-07-17,False,98,Friedmanview,United States,2022-07-03
100470,Jacqueline Cooper,2018-05-25,False,99,Rossmouth,United States,2026-03-13
100471,Melissa Mendoza,2023-08-20,False,73,North David,United States,2023-08-14
100472,Tommy Moore,2023-07-16,False,94,Phammouth,United States,2025-07-20
100473,Peggy Carr,2018-09-06,True,94,Knappville,United States,2023-03-26
100474,Angel Green,2021-10-21,False,70,Lake Mirandahaven,United States,2026-03-27
100475,Misty Walker,2022-03-20,True,95,South Dorothybury,United States,2025-09-22
100476,Michael Cruz,2025-12-16,False,74,North Dawnburgh,United States,2024-07-05
100477,Sarah Booth,2017-09-25,False,70,Floresmouth,United States,2024-08-11
100478,Daniel Schneider,2023-04-27,True,93,North Stephen,United States,2023-08-24
100479,Anita Jimenez,2021-11-01,False,89,South Julietown,United States,2025-11-13
100480,Andrew Dunn,2018-01-02,False,98,Pamelaside,United States,2022-11-24
100481,Joy Peterson,2017-05-20,False,98,Port Shawn,United States,2023-05-05
100482,Lindsay Moran,2022-08-22,True,91,Wilsonbury,United States,2024-11-04
100483,Ronald Brandt,2021-06-05,True,92,Jacquelineton,United States,2022-06-21
100484,Charles Love,2023-06-03,False,73,West Cherylborough,United States,2026-04-11
100485,Jenna Bryant,2019-09-14,False,96,Danielchester,United States,2022-12-22
100486,Sara Chapman,2024-02-15,True,100,Barretthaven,United States,2022-08-29
100487,April Fitzgerald,2025-11-14,False,77,Robersonfort,United States,2023-01-13
100488,Tammy Thompson,2026-04-21,False,77,Lake Lisa,United States,2026-05-23
100489,Kyle Andrade,2025-01-13,False,95,Barnesbury,United States,2022-11-25
100490,Grant Phillips,2018-09-23,False,81,South Carrie,United States,2023-08-17
100491,Elizabeth Miles,2021-10-19,False,77,East Jason,United States,2026-03-26
100492,Gregory Chambers,2019-06-26,False,94,Jenniferstad,United States,2025-07-01
100493,Mr. Michael Butler,2025-07-17,True,97,Nataliechester,United States,2024-11-07
100494,Brian James,2017-05-12,False,81,East Josephburgh,United States,2025-11-24
100495,Brianna Brown,2021-06-24,True,93,Port Amber,United States,2023-09-06
100496,Ashley Parrish,2026-01-07,False,74,Lake Deborah,United States,2023-12-27
100497,Richard Lindsey,2021-05-09,False,79,South Paulmouth,United States,2024-02-12
100498,Patrick Harris,2023-12-31,False,95,Lake Janet,United States,2024-10-22
100499,Kevin Rodgers,2019-10-20,True,92,West Shane,United States,2025-03-20
